,muni_code,rmse,r2
0,161,19525.598910966077,0.28957026747521375
1,165,1558.5388763325273,0.9099919819464203
